name_2074,party_2074,district_2074,area_2074,election_type_2074,name_2079,party_2079,district_2079,area_2079,election_type_2079,name_similarity,party_similarity,district_match,area_match,is_match
विष्णु प्रसाद पौडेल,नेपाल कम्युनिष्ट पार्टी (एमाले),रुपन्देही,2,Direct,विष्णु प्रसाद पौडैल,नेपाल कम्युनिष्ट पार्टी (एमाले),रुपन्देही,2,Direct,0.9925,1,1,1,1
लाल प्रसाद साँवा लिम्बू,नेपाल कम्युनिष्ट पार्टी (एमाले),झापा,4,Direct,लाल प्रसाद सावा लिम्बु,नेपाल कम्युनिष्ट पार्टी (एमाले),झापा,4,Direct,0.9671,1,1,1,1
जयपुरी घर्ती,नेपाल कम्युनिष्ट पार्टी (माओवादी केन्द्र),रोल्पा,0,Indirect,इश्वरी घर्ती,नेपाल कम्युनिष्ट पार्टी (एमाले),रोल्पा,0,Indirect,0.9284,0.9337,1,1,
रेनु कुमारी यादव,जनता समाजवादी पार्टी नेपाल,सप्तरी,0,Indirect,रन्जु कुमारी झा,जनता समाजवादी पार्टी,सप्तरी,0,Indirect,0.8791,0.9556,1,1,
शशी श्रेष्ठ,नेपाल कम्युनिष्ट पार्टी (माओवादी केन्द्र),काठमाण्डौ,0,Indirect,शान्ती श्रेष्ठ,नेपाल कम्युनिष्ट पार्टी (एमाले),काठमाण्डौ,0,Indirect,0.8702,0.9337,1,1,
छक्क बहादुर लामा,स्वतन्त्र,हुम्ला,1,Direct,छिरीङ डम्डुल लामा,नेपाल कम्युनिष्ट पार्टी (माओवादी केन्द्र),हुम्ला,1,Direct,0.8713,0.6104,1,1,
सूर्य प्रसाद पाठक,नेपाल कम्युनिष्ट पार्टी (एमाले),बागलुङ्ग,1,Direct,सुर्य प्रसाद ढकाल,नेपाल कम्युनिष्ट पार्टी (एमाले),बांके,1,Direct,0.9654,1,0,1,
खगराज अधिकारी,नेपाल कम्युनिष्ट पार्टी (एमाले),कास्की,1,Direct,बलराम अधिकारी,नेपाल कम्युनिष्ट पार्टी (एमाले),कपिलवस्तु,1,Direct,0.9568,1,0,1,
नारायण प्रसाद मरासिनी,नेपाल कम्युनिष्ट पार्टी (एमाले),स्याङ्जा,1,Direct,नारायण प्रसाद आचार्य,नेपाल कम्युनिष्ट पार्टी (एमाले),पाल्पा,1,Direct,0.9466,1,0,1,
मीना पाण्डे,नेपाली काङ्ग्रेस,सर्लाही,0,Indirect,मैना कार्की,नेपाली काङ्ग्रेस,जाजरकोट,0,Indirect,0.9355,1,0,1,
जुली कुमारी महतो,नेपाल कम्युनिष्ट पार्टी (एमाले),धनुषा,0,Indirect,जुली कुमारी महतो (महासेठ),नेपाल कम्युनिष्ट पार्टी (एमाले),धनुषा,3,Direct,0.9354,1,1,0,1
सुजिता शाक्य,नेपाल कम्युनिष्ट पार्टी (एमाले),काठमाण्डौ,0,Indirect,सुनिता बराल,नेपाल कम्युनिष्ट पार्टी (एमाले),झापा,0,Indirect,0.9256,1,0,1,
गंगा चौधरी (सत्गौवा),नेपाल कम्युनिष्ट पार्टी (एमाले),दाङ्ग,0,Indirect,गंगा प्रसाद यादव,नेपाल कम्युनिष्ट पार्टी (एमाले),सिराहा,0,Indirect,0.8965,1,0,1,
मिनाक्षी झा,नेपाली काङ्ग्रेस,धनुषा,0,Indirect,मैना कार्की,नेपाली काङ्ग्रेस,जाजरकोट,0,Indirect,0.8965,1,0,1,
सुजाता कोईराला,नेपाली काङ्ग्रेस,मोरङ्ग,0,Indirect,सिता कुमारी राना ,नेपाली काङ्ग्रेस,दैलेख,0,Indirect,0.89,1,0,1,
सरीता न्यौपाने,नेपाल कम्युनिष्ट पार्टी (एमाले),काठमाण्डौ,0,Indirect,सम्झना थपलिया,नेपाल कम्युनिष्ट पार्टी (एमाले),सिराहा,0,Indirect,0.8892,1,0,1,
बिजय सुव्वा,नेपाल कम्युनिष्ट पार्टी (एमाले),तेह्रथुम,0,Indirect,बिना देवी,नेपाल कम्युनिष्ट पार्टी (एमाले),रौतहट,0,Indirect,0.889,1,0,1,
राजेन्द्र प्रसाद गौतम,नेपाल कम्युनिष्ट पार्टी (एमाले),संखुवासभा,1,Direct,राजेन्द्र प्रसाद पाण्डे,नेपाल कम्युनिष्ट पार्टी(एकीकृत समाजवादी),धादिङ्ग,1,Direct,0.9586,0.9276,0,1,
सुरेन्द्र प्रसाद पाण्डे,नेपाल कम्युनिष्ट पार्टी (एमाले),चितवन,1,Direct,राजेन्द्र प्रसाद पाण्डे,नेपाल कम्युनिष्ट पार्टी(एकीकृत समाजवादी),धादिङ्ग,1,Direct,0.9582,0.9276,0,1,
मैना कुमारी भण्डारी,नेपाल कम्युनिष्ट पार्टी (एमाले),गुल्मि,0,Indirect,मेनका कुमारी पोख्रेल,नेपाल कम्युनिष्ट पार्टी (एमाले),दाङ्ग,0,Indirect,0.8856,1,0,1,
खेम प्रसाद लोहनी,नेपाल कम्युनिष्ट पार्टी (एमाले),धादिङ्ग,2,Direct,भीम प्रसाद आचार्य,नेपाल कम्युनिष्ट पार्टी (एमाले),सुनसरी,2,Direct,0.8817,1,0,1,
सरवत आरा खानम,नेपाली काङ्ग्रेस,बांके,0,Indirect,सरस्वती वजिमय,नेपाली काङ्ग्रेस,खोटाङ्ग,0,Indirect,0.878,1,0,1,
जीप छिरिङ लामा,नेपाली काङ्ग्रेस,दोलखा,0,Indirect,जीवन परियार,नेपाली काङ्ग्रेस,कास्की,0,Indirect,0.8644,1,0,1,
जगत बहादुर सुनार (विश्वकर्मा),नेपाल कम्युनिष्ट पार्टी (एमाले),कास्की,3,Direct,जुली कुमारी महतो (महासेठ),नेपाल कम्युनिष्ट पार्टी (एमाले),धनुषा,3,Direct,0.8404,1,0,1,
चुडामणी खड्का,नेपाल कम्युनिष्ट पार्टी (माओवादी केन्द्र),गोरखा,0,Indirect,नारायणी शर्मा,नेपाल कम्युनिष्ट पार्टी (माओवादी केन्द्र),दाङ्ग,0,Indirect,0.8387,1,0,1,
शान्तीमाया तामाङ पाख्रीन,नेपाल कम्युनिष्ट पार्टी (एमाले),दोलखा,0,Indirect,शान्ती श्रेष्ठ,नेपाल कम्युनिष्ट पार्टी (एमाले),काठमाण्डौ,0,Indirect,0.8318,1,0,1,
कल्याणी कुमारी खड्का,नेपाल कम्युनिष्ट पार्टी(एकीकृत समाजवादी),रौतहट,0,Indirect,कल्पना मियाँ कुसारी ,नेपाल कम्युनिष्ट पार्टी (माओवादी केन्द्र),रुकुम पश्चिम,0,Indirect,0.8824,0.9437,0,1,
बिमला बि.क.,नेपाल कम्युनिष्ट पार्टी (एमाले),बर्दिया,0,Indirect,बिमला सुवेदी,नेपाल कम्युनिष्ट पार्टी (माओवादी केन्द्र),नुवाकोट,0,Indirect,0.8833,0.9337,0,1,
दुर्गा कुमारी विश्वकर्मा,नेपाल कम्युनिष्ट पार्टी (माओवादी केन्द्र),कास्की,0,Indirect,चन्द्र बहादुर विश्वकर्मा,नेपाल कम्युनिष्ट पार्टी (एमाले),रुकुम पश्चिम,0,Indirect,0.8795,0.9337,0,1,
जय कुमार राई,नेपाल कम्युनिष्ट पार्टी (एमाले),सुनसरी,1,Direct,राम कुमार राई,नेपाल कम्युनिष्ट पार्टी (माओवादी केन्द्र),खोटाङ्ग,1,Direct,0.8741,0.9337,0,1,
हिराचन्द्र के.सी.,नेपाल कम्युनिष्ट पार्टी(एकीकृत समाजवादी),दाङ्ग,3,Direct,हरि प्रसाद उप्रेती,नेपाल कम्युनिष्ट पार्टी (एमाले),सर्लाही,3,Direct,0.8778,0.9276,0,1,
हरिराज अधिकारी,नेपाल कम्युनिष्ट पार्टी (माओवादी केन्द्र),गोरखा,1,Direct,बलराम अधिकारी,नेपाल कम्युनिष्ट पार्टी (एमाले),कपिलवस्तु,1,Direct,0.8678,0.9337,0,1,
निरु देवी पाल,नेपाल कम्युनिष्ट पार्टी (एमाले),कन्चनपुर,0,Indirect,बिमला सुवेदी,नेपाल कम्युनिष्ट पार्टी (माओवादी केन्द्र),नुवाकोट,0,Indirect,0.8599,0.9337,0,1,
जीवन राम श्रेष्ठ,नेपाल कम्युनिष्ट पार्टी(एकीकृत समाजवादी),काठमाण्डौ,8,Direct,शान्ती श्रेष्ठ,नेपाल कम्युनिष्ट पार्टी (एमाले),काठमाण्डौ,0,Indirect,0.8655,0.9276,1,0,
मुकुन्द न्यौपाने,नेपाल कम्युनिष्ट पार्टी(एकीकृत समाजवादी),काठमाण्डौ,0,Indirect,मेनका कुमारी पोख्रेल,नेपाल कम्युनिष्ट पार्टी (एमाले),दाङ्ग,0,Indirect,0.8576,0.9276,0,1,
कलिला खातुन,नेपाल कम्युनिष्ट पार्टी(एकीकृत समाजवादी),तनहुं,0,Indirect,सरिता भुसाल,नेपाल कम्युनिष्ट पार्टी (एमाले),नवलपरासी,0,Indirect,0.8524,0.9276,0,1,
विना कुमारी श्रेष्ठ,नेपाल कम्युनिष्ट पार्टी (एमाले),काठमाण्डौ,0,Indirect,विना कुमारी थनैत,नेपाली काङ्ग्रेस,नवलपरासी (बर्दघाट सुस्ता पूर्व),0,Indirect,0.9351,0.8362,0,1,
सरिता कुमारी गिरी,नेपाल कम्युनिष्ट पार्टी (एमाले),सप्तरी,0,Indirect,सिता कुमारी राना ,नेपाली काङ्ग्रेस,दैलेख,0,Indirect,0.9128,0.8362,0,1,
कु. तुल्सि थापा,नेपाल कम्युनिष्ट पार्टी (एमाले),बर्दिया,0,Indirect,कुसुमदेवी थापा,नेपाली काङ्ग्रेस,रुकुम पूर्व,0,Indirect,0.9039,0.8362,0,1,
रविन्द्र राज शर्मा,नेपाल कम्युनिष्ट पार्टी (एमाले),दैलेख,1,Direct,विश्व प्रकाश शर्मा,नेपाली काङ्ग्रेस,झापा,1,Direct,0.8933,0.8362,0,1,
निर्जला राउत,लोकतान्त्रिक समाजवादी पार्टी नेपाल,सिराहा,0,Indirect,निर्मला कोइराला,नेपाल कम्युनिष्ट पार्टी (एमाले),पर्सा,0,Indirect,0.9183,0.8091,0,1,
राधा कुमारी ज्ञवाली,नेपाल कम्युनिष्ट पार्टी (एमाले),रुपन्देही,0,Indirect,रमा कोईराला पौड्याल,नेपाली काङ्ग्रेस,भक्तपूर,0,Indirect,0.8907,0.8362,0,1,
विमला विश्वकर्मा,नेपाल कम्युनिष्ट पार्टी (एमाले),झापा,0,Indirect,विश्व प्रकाश शर्मा,नेपाली काङ्ग्रेस,झापा,1,Direct,0.8887,0.8362,1,0,
रेखा कुमारी,नेपाल कम्युनिष्ट पार्टी (एमाले),रौतहट,0,Indirect,रेखा यादव,जनता समाजवादी पार्टी नेपाल,मोरङ्ग,0,Indirect,0.9088,0.8093,0,1,
मोहन बानिया,नेपाल कम्युनिष्ट पार्टी (एमाले),मुगु,0,Indirect,जीवन परियार,नेपाली काङ्ग्रेस,कास्की,0,Indirect,0.8754,0.8362,0,1,
आशा कुमारी वि.क.,नेपाल कम्युनिष्ट पार्टी (एमाले),बझाङ्ग,0,Indirect,आशा वि.क. ,नेपाली काङ्ग्रेस,बांके,0,Indirect,0.8736,0.8362,0,1,
मन कुमारी जि. सी.,नेपाल कम्युनिष्ट पार्टी (एमाले),बागलुङ्ग,0,Indirect,मनोरमा शेरचन,नेपाली काङ्ग्रेस,रुपन्देही,0,Indirect,0.8727,0.8362,0,1,
उमेश श्रेष्ठ,नेपाली काङ्ग्रेस,ललितपूर,0,Indirect,उर्मिला थेबे,नेपाल कम्युनिष्ट पार्टी (एमाले),ताप्लेजुङ्ग,0,Indirect,0.8723,0.8362,0,1,
नविना लामा,नेपाल कम्युनिष्ट पार्टी (एमाले),काभ्रेपलान्चोक,0,Indirect,विना लामा,राष्ट्रिय प्रजातन्त्र पार्टी,धादिङ्ग,0,Indirect,0.8861,0.822,0,1,
डा० बाबुराम भट्टराई,जनता समाजवादी पार्टी नेपाल,गोरखा,2,Direct,डा. चन्द्र कान्त राउत,जनमत पार्टी,सप्तरी,2,Direct,0.8715,0.8345,0,1,
नागेन्द्र कुमार,नेपाली काङ्ग्रेस,सर्लाही,0,Indirect,निर्मला कोइराला,नेपाल कम्युनिष्ट पार्टी (एमाले),पर्सा,0,Indirect,0.8684,0.8362,0,1,
सीतादेवी यादव,नेपाली काङ्ग्रेस,सिराहा,0,Indirect,सरिता भुसाल,नेपाल कम्युनिष्ट पार्टी (एमाले),नवलपरासी,0,Indirect,0.8644,0.8362,0,1,
डा. सूर्य नारायण यादव 'सुरज',जनता समाजवादी पार्टी नेपाल,सप्तरी,1,Direct,डा. चन्द्र कान्त राउत,जनमत पार्टी,सप्तरी,2,Direct,0.8651,0.8345,1,0,
मोहम्मद आफताब आलम,नेपाली काङ्ग्रेस,रौतहट,2,Direct,महेश कुमार बर्तौला,नेपाल कम्युनिष्ट पार्टी (एमाले),मकवानपुर,2,Direct,0.8604,0.8362,0,1,
घनश्याम खतिवडा,नेपाल कम्युनिष्ट पार्टी (एमाले),मोरङ्ग,1,Direct,रामहरि खतिवडा,नेपाली काङ्ग्रेस,ओखलढुङ्गा,1,Direct,0.8599,0.8362,0,1,
कर्मा घले,नेपाली काङ्ग्रेस,मनाङ्ग,0,Indirect,उर्मिला थेबे,नेपाल कम्युनिष्ट पार्टी (एमाले),ताप्लेजुङ्ग,0,Indirect,0.8576,0.8362,0,1,
यज्ञ बहादुर बोगटी,नेपाल कम्युनिष्ट पार्टी (एमाले),अछाम,2,Direct,मोहन बहादुर बस्नेत ,नेपाली काङ्ग्रेस,सिन्धूपाल्चोक,2,Direct,0.8508,0.8362,0,1,
अनिल कुमार झा,लोकतान्त्रिक समाजवादी पार्टी नेपाल,रौतहट,1,Direct,किरण कुमार साह,नेपाल कम्युनिष्ट पार्टी (एमाले),रौतहट,2,Direct,0.8774,0.8091,1,0,
रुही नाज,जनता समाजवादी पार्टी नेपाल,सर्लाही,0,Indirect,रघुजी पन्त,नेपाल कम्युनिष्ट पार्टी (एमाले),काठमाण्डौ,0,Indirect,0.8747,0.8093,0,1,
कलु देवी विश्‍वकर्मा,लोकतान्त्रिक समाजवादी पार्टी नेपाल,कैलाली,0,Indirect,कल्पना मियाँ कुसारी ,नेपाल कम्युनिष्ट पार्टी (माओवादी केन्द्र),रुकुम पश्चिम,0,Indirect,0.8524,0.8286,0,1,
कुमारी मेचे,नेपाल कम्युनिष्ट पार्टी (एमाले),झापा,0,Indirect,कल्पना चौधरी,नेपाली काङ्ग्रेस,सुनसरी,0,Indirect,0.8443,0.8362,0,1,
डा.शिबमाया तुम्बाहाङफे,नेपाल कम्युनिष्ट पार्टी (एमाले),मोरङ्ग,1,Indirect,डा. सुनिल कुमार शर्मा,नेपाली काङ्ग्रेस,मोरङ्ग,3,Direct,0.8421,0.8362,1,0,
यज्ञ राज सुनुवार,नेपाल कम्युनिष्ट पार्टी (एमाले),ओखलढुङ्गा,1,Direct,योगेश गौचन थकाली,नेपाली काङ्ग्रेस,मुस्ताङ्ग,1,Direct,0.8409,0.8362,0,1,
अञ्जना विशंखे,नेपाल कम्युनिष्ट पार्टी (माओवादी केन्द्र),काठमाण्डौ,0,Indirect,अनिशा नेपाली,राष्ट्रिय प्रजातन्त्र पार्टी,सल्यान,0,Indirect,0.886,0.7831,0,1,
दिल कुमारी,नेपाल कम्युनिष्ट पार्टी (माओवादी केन्द्र),महोत्तरी,0,Indirect,शिव नेपाली,राष्ट्रिय स्वतन्त्र पार्टी,कास्की,0,Indirect,0.8857,0.7804,0,1,
ओनसरी घर्ति,नेपाल कम्युनिष्ट पार्टी (माओवादी केन्द्र),रोल्पा,0,Indirect,रोसन कार्की,राष्ट्रिय प्रजातन्त्र पार्टी,ललितपूर,0,Indirect,0.8648,0.7831,0,1,
वहादुर सिंह लामा (तमाङ),नेपाली काङ्ग्रेस,नुवाकोट,0,Indirect,विनिता कुमारी सिंह,जनमत पार्टी,सिराहा,0,Indirect,0.8615,0.7841,0,1,
टेक बहादुर बस्नेत,नेपाल कम्युनिष्ट पार्टी (माओवादी केन्द्र),सल्यान,1,Direct,टेक बहादुर गुरुङ,नेपाली काङ्ग्रेस,मनाङ्ग,1,Direct,0.933,0.6888,0,1,
श्याम कुमार श्रेष्ठ,नेपाल कम्युनिष्ट पार्टी (माओवादी केन्द्र),रामेछाप,1,Direct,श्याम कुमार घिमिरे,नेपाली काङ्ग्रेस,सिन्धुली,1,Direct,0.932,0.6888,0,1,
बिमला नेपाली,नेपाली काङ्ग्रेस,दाङ्ग,0,Indirect,बिमला सुवेदी,नेपाल कम्युनिष्ट पार्टी (माओवादी केन्द्र),नुवाकोट,0,Indirect,0.9205,0.6888,0,1,
कृष्ण बहादुर महरा,नेपाल कम्युनिष्ट पार्टी (माओवादी केन्द्र),दाङ्ग,2,Direct,पुष्प वहादुर शाह,नेपाली काङ्ग्रेस,अछाम,2,Direct,0.9175,0.6888,0,1,
ईन्दु कुमारी शर्मा,नेपाल कम्युनिष्ट पार्टी (माओवादी केन्द्र),महोत्तरी,0,Indirect,रन्जु कुमारी झा,जनता समाजवादी पार्टी,सप्तरी,0,Indirect,0.9165,0.6885,0,1,
मिना सुब्वा,नेपाली काङ्ग्रेस,सुनसरी,0,Indirect,मिना यादव,नेपाल कम्युनिष्ट पार्टी (माओवादी केन्द्र),सर्लाही,0,Indirect,0.915,0.6888,0,1,
सरला कुमारी यादव,नेपाल कम्युनिष्ट पार्टी(एकीकृत समाजवादी),रौतहट,0,Indirect,विना कुमारी थनैत,नेपाली काङ्ग्रेस,नवलपरासी (बर्दघाट सुस्ता पूर्व),0,Indirect,0.9079,0.69,0,1,
प्रमिला राई,नेपाली काङ्ग्रेस,उदयपूर,0,Indirect,उर्मिला माझी,नेपाल कम्युनिष्ट पार्टी (माओवादी केन्द्र),लमजुङ्ग,0,Indirect,0.9081,0.6888,0,1,
लक्ष्मी परियार,नेपाली काङ्ग्रेस,उदयपूर,0,Indirect,लक्ष्मी तिवारी,राष्ट्रिय स्वतन्त्र पार्टी,बांके,0,Indirect,0.943,0.6453,0,1,
सुरेस चन्द्र दास,नेपाल कम्युनिष्ट पार्टी (माओवादी केन्द्र),सिराहा,2,Direct,सुरेन्द्र राज आचार्य,नेपाली काङ्ग्रेस,कपिलवस्तु,2,Direct,0.8986,0.6888,0,1,
मातृका प्रसाद यादव,नेपाल कम्युनिष्ट पार्टी (माओवादी केन्द्र),धनुषा,1,Direct,मुक्ता कुमारी यादव,नेपाली काङ्ग्रेस,धनुषा,0,Indirect,0.8928,0.6888,1,0,
विना देवी बुढाथोकी,नेपाल कम्युनिष्ट पार्टी(एकीकृत समाजवादी),कन्चनपुर,0,Indirect,विना कुमारी थनैत,नेपाली काङ्ग्रेस,नवलपरासी (बर्दघाट सुस्ता पूर्व),0,Indirect,0.8879,0.69,0,1,
नरमाया ढकाल,जनता समाजवादी पार्टी नेपाल,स्याङ्जा,0,Indirect,नागिना यादव,नेपाली काङ्ग्रेस,महोत्तरी,0,Indirect,0.8816,0.6939,0,1,
निरा देवी जैरु,नेपाल कम्युनिष्ट पार्टी(एकीकृत समाजवादी),डडेलधुरा,0,Indirect,निशा डाँगी,राष्ट्रिय स्वतन्त्र पार्टी,झापा,0,Indirect,0.8727,0.6943,0,1,
समीना हुसेन,नेपाल कम्युनिष्ट पार्टी(एकीकृत समाजवादी),रौतहट,0,Indirect,सुमना श्रेष्ठ,राष्ट्रिय स्वतन्त्र पार्टी,काठमाण्डौ,0,Indirect,0.8683,0.6943,0,1,
उमा रेग्मी,नेपाली काङ्ग्रेस,चितवन,0,Indirect,उमरावती देवी,नेपाल कम्युनिष्ट पार्टी (माओवादी केन्द्र),बारा,0,Indirect,0.8696,0.6888,0,1,
सत्य पहाडी,नेपाल कम्युनिष्ट पार्टी (माओवादी केन्द्र),जाजरकोट,0,Indirect,सुशिला थिङ,नेपाली काङ्ग्रेस,सिन्धुली,0,Indirect,0.8688,0.6888,0,1,
कृष्ण लाल महर्जन,नेपाल कम्युनिष्ट पार्टी(एकीकृत समाजवादी),ललितपूर,2,Direct,पुष्प वहादुर शाह,नेपाली काङ्ग्रेस,अछाम,2,Direct,0.8604,0.69,0,1,
उमाकान्त चौधरी,नेपाली काङ्ग्रेस,बारा,1,Direct,रामप्रकाश चौधरी,लोकतान्त्रिक समाजवादी पार्टी नेपाल,सर्लाही,1,Direct,0.8714,0.6645,0,1,
सुजाता परीयार,नेपाली काङ्ग्रेस,ईलाम,0,Indirect,सन्तोष परियार,राष्ट्रिय स्वतन्त्र पार्टी,भक्तपूर,0,Indirect,0.8834,0.6453,0,1,
अमृता थापा,नेपाल कम्युनिष्ट पार्टी (माओवादी केन्द्र),स्याङ्जा,0,Indirect,अनिता देवी,जनमत पार्टी,धनुषा,0,Indirect,0.887,0.6349,0,1,
वोधमाया कुमारी यादव,नेपाल कम्युनिष्ट पार्टी (माओवादी केन्द्र),धनुषा,0,Indirect,विनिता कुमारी सिंह,जनमत पार्टी,सिराहा,0,Indirect,0.8789,0.6349,0,1,
पम्फा भुसाल,नेपाल कम्युनिष्ट पार्टी (माओवादी केन्द्र),ललितपूर,3,Direct,प्रभु साह,आम जनता पार्टी,रौतहट,3,Direct,0.8628,0.6461,0,1,
किशोर सिंह राठौर,नेपाली काङ्ग्रेस,बर्दिया,0,Indirect,किशोर सिंह राठोर,नेपाली काङ्ग्रेस,बांके,3,Direct,0.9909,1,0,0,1
नारायण प्रसाद खतिवडा,नेपाल कम्युनिष्ट पार्टी (एमाले),नुवाकोट,2,Direct,नारायण प्रसाद आचार्य,नेपाल कम्युनिष्ट पार्टी (एमाले),पाल्पा,1,Direct,0.9491,1,0,0,
महेन्द्र कुमारी लिम्बु,नेपाली काङ्ग्रेस,झापा,0,Indirect,महेन्द्र कुमार राय,नेपाली काङ्ग्रेस,महोत्तरी,4,Direct,0.9268,1,0,0,
प्रदिप गिरी,नेपाली काङ्ग्रेस,सिराहा,1,Direct,प्रदिप पौडेल,नेपाली काङ्ग्रेस,काठमाण्डौ,5,Direct,0.9256,1,0,0,
राम कुमारी चौधरी,नेपाल कम्युनिष्ट पार्टी (माओवादी केन्द्र),सुनसरी,0,Indirect,राम कुमार राई,नेपाल कम्युनिष्ट पार्टी (माओवादी केन्द्र),खोटाङ्ग,1,Direct,0.9204,1,0,0,
दीपक प्रकाश भट्ट,नेपाल कम्युनिष्ट पार्टी (एमाले),कन्चनपुर,3,Direct,देवि प्रकाश भट्टचन,नेपाल कम्युनिष्ट पार्टी (एमाले),ललितपूर,0,Indirect,0.9162,1,0,0,
विशाल भट्टराई,नेपाल कम्युनिष्ट पार्टी (एमाले),खोटाङ्ग,1,Direct,विद्या भट्टराई,नेपाल कम्युनिष्ट पार्टी (एमाले),कास्की,2,Direct,0.9128,1,0,0,
प्रेम प्रसाद तुलाचन,नेपाल कम्युनिष्ट पार्टी (एमाले),मुस्ताङ्ग,1,Direct,प्रेम बहादुर महर्जन,नेपाल कम्युनिष्ट पार्टी (एमाले),ललितपूर,2,Direct,0.9122,1,0,0,
इश्वर पोखरेल,नेपाल कम्युनिष्ट पार्टी (एमाले),काठमाण्डौ,5,Direct,इश्वरी घर्ती,नेपाल कम्युनिष्ट पार्टी (एमाले),रोल्पा,0,Indirect,0.9067,1,0,0,
प्रदिप कुमार ज्ञवाली,नेपाल कम्युनिष्ट पार्टी (एमाले),गुल्मि,1,Direct,प्रतिक्षा तिवारी,नेपाल कम्युनिष्ट पार्टी (एमाले),धनुषा,0,Indirect,0.8939,1,0,0,
पद्मा कुमारी अर्याल,नेपाल कम्युनिष्ट पार्टी (एमाले),स्याङ्जा,2,Direct,अस्मा कुमारी चौधरी,नेपाल कम्युनिष्ट पार्टी (एमाले),दाङ्ग,0,Indirect,0.8937,1,0,0,
प्रमोद कुमार यादव,नेपाली काङ्ग्रेस,रुपन्देही,4,Direct,पुष्प वहादुर शाह,नेपाली काङ्ग्रेस,अछाम,2,Direct,0.8932,1,0,0,
सिताराम महतो,नेपाली काङ्ग्रेस,सुनसरी,2,Direct,सिता मिजार,नेपाली काङ्ग्रेस,नुवाकोट,0,Indirect,0.8925,1,0,0,
राम बहादुर बिष्ट,नेपाली काङ्ग्रेस,अछाम,0,Indirect,बिर बहादुर बलायर,नेपाली काङ्ग्रेस,कैलाली,4,Direct,0.8922,1,0,0,
भीम वहादुर रावल,नेपाल कम्युनिष्ट पार्टी (एमाले),अछाम,1,Direct,भीम प्रसाद आचार्य,नेपाल कम्युनिष्ट पार्टी (एमाले),सुनसरी,2,Direct,0.8899,1,0,0,
राम बिर मानन्धर,नेपाल कम्युनिष्ट पार्टी (एमाले),काठमाण्डौ,7,Direct,राम शंकर यादव,नेपाल कम्युनिष्ट पार्टी (एमाले),सिराहा,1,Direct,0.8865,1,0,0,
स्मृति नारायण चौधरी,नेपाली काङ्ग्रेस,धनुषा,0,Indirect,सुरेन्द्र राज आचार्य,नेपाली काङ्ग्रेस,कपिलवस्तु,2,Direct,0.8861,1,0,0,
सोम प्रसाद पाण्डेय,नेपाल कम्युनिष्ट पार्टी (एमाले),पाल्पा,2,Direct,सुर्य प्रसाद ढकाल,नेपाल कम्युनिष्ट पार्टी (एमाले),बांके,1,Direct,0.8848,1,0,0,
दल बहादुर राना,नेपाल कम्युनिष्ट पार्टी (एमाले),पाल्पा,1,Direct,दयाल बहादुर शाही,नेपाल कम्युनिष्ट पार्टी (एमाले),बाजुरा,0,Indirect,0.8809,1,0,0,
भुमि प्रसाद त्रिपाठी,नेपाल कम्युनिष्ट पार्टी (एमाले),धादिङ्ग,1,Direct,मंगल प्रसाद गुप्ता,नेपाल कम्युनिष्ट पार्टी (एमाले),कपिलवस्तु,3,Direct,0.8795,1,0,0,
अतहर कमाल मुसलमान,नेपाली काङ्ग्रेस,कपिलवस्तु,0,Indirect,अजय कुमार चौरसिया ,नेपाली काङ्ग्रेस,पर्सा,2,Direct,0.8772,1,0,0,
कृष्ण प्रसाद दाहाल,नेपाल कम्युनिष्ट पार्टी (एमाले),मकवानपुर,1,Direct,किरण कुमार साह,नेपाल कम्युनिष्ट पार्टी (एमाले),रौतहट,2,Direct,0.8754,1,0,0,
नन्द लाल रोका क्षेत्री,नेपाल कम्युनिष्ट पार्टी (एमाले),बांके,3,Direct,निर्मला कोइराला,नेपाल कम्युनिष्ट पार्टी (एमाले),पर्सा,0,Indirect,0.8744,1,0,0,
डिला संग्रौला (पंत),नेपाली काङ्ग्रेस,मोरङ्ग,0,Indirect,डिल्ली राज पन्त,नेपाली काङ्ग्रेस,कैलाली,5,Direct,0.8725,1,0,0,
दिव्यमणि राजभण्डारी,नेपाली काङ्ग्रेस,काठमाण्डौ,0,Indirect,दुर्लभ थापा क्षेत्री,नेपाली काङ्ग्रेस,भक्तपूर,2,Direct,0.8717,1,0,0,
पुष्पा भूसाल (गौतम),नेपाली काङ्ग्रेस,अर्घाँखाची,0,None,पुष्प वहादुर शाह,नेपाली काङ्ग्रेस,अछाम,2,Direct,0.8706,1,0,0,
पवित्रा निरौला (खरेल),नेपाल कम्युनिष्ट पार्टी (एमाले),झापा,2,Direct,प्रतिक्षा तिवारी,नेपाल कम्युनिष्ट पार्टी (एमाले),धनुषा,0,Indirect,0.8688,1,0,0,
मिन वहादुर विश्वकर्म,नेपाली काङ्ग्रेस,सुनसरी,0,Indirect,डिग बहादुर लिम्बु,नेपाली काङ्ग्रेस,मोरङ्ग,1,Direct,0.8685,1,0,0,
शेर बहादुर तामाङ,नेपाल कम्युनिष्ट पार्टी (एमाले),सिन्धूपाल्चोक,2,Direct,शेर बहादुर कुँवर,नेपाल कम्युनिष्ट पार्टी(एकीकृत समाजवादी),अछाम,1,Direct,0.9402,0.9276,0,0,
भैरव बहादुर सिंह,नेपाल कम्युनिष्ट पार्टी (एमाले),बझाङ्ग,1,Direct,भीम प्रसाद आचार्य,नेपाल कम्युनिष्ट पार्टी (एमाले),सुनसरी,2,Direct,0.8668,1,0,0,
पद्म नारायण चौधरी (थारु),नेपाली काङ्ग्रेस,सिराहा,0,Indirect,पूर्ण बहादुर तामाङ्ग,नेपाली काङ्ग्रेस,रामेछाप,1,Direct,0.8637,1,0,0,
नमिता कुमारी चौधरी,नेपाली काङ्ग्रेस,सप्तरी,0,Indirect,नारायण प्रकाश साउद,नेपाली काङ्ग्रेस,कन्चनपुर,2,Direct,0.8619,1,0,0,
हिरा गुरूङ,नेपाली काङ्ग्रेस,खोटाङ्ग,0,Indirect,सीता गुरुङ्ग,नेपाली काङ्ग्रेस,तेह्रथुम,1,Direct,0.8613,1,0,0,
लाल बहादुर थापा,नेपाल कम्युनिष्ट पार्टी (एमाले),बाजुरा,1,Direct,लाल प्रसाद सावा लिम्बु,नेपाल कम्युनिष्ट पार्टी (एमाले),झापा,4,Direct,0.8594,1,0,0,
मिनेन्द्र प्रसाद रिजाल,नेपाली काङ्ग्रेस,मोरङ्ग,2,Direct,महेन्द्र कुमार राय,नेपाली काङ्ग्रेस,महोत्तरी,4,Direct,0.8585,1,0,0,
भानु भक्त ढकाल,नेपाल कम्युनिष्ट पार्टी (एमाले),मोरङ्ग,3,Direct,भानु भक्त जोशी,नेपाल कम्युनिष्ट पार्टी(एकीकृत समाजवादी),बझाङ्ग,1,Direct,0.9306,0.9276,0,0,
अभिषेक प्रताप शाह,नेपाली काङ्ग्रेस,कपिलवस्तु,3,Direct,अम्बिका बस्नेत,नेपाली काङ्ग्रेस,काठमाण्डौ,0,Indirect,0.8569,1,0,0,
बालकृष्ण खांण,नेपाली काङ्ग्रेस,रुपन्देही,0,Indirect,राम कृष्ण यादव,नेपाली काङ्ग्रेस,धनुषा,2,Direct,0.8552,1,0,0,
हेम कुमार राई,नेपाल कम्युनिष्ट पार्टी (माओवादी केन्द्र),सोलुखुम्बु,1,Direct,हेमराज राई,नेपाल कम्युनिष्ट पार्टी (एमाले),भोजपूर,0,Indirect,0.9175,0.9337,0,0,
घनश्याम भुसाल,नेपाल कम्युनिष्ट पार्टी (एमाले),रुपन्देही,3,Direct,विद्या भट्टराई,नेपाल कम्युनिष्ट पार्टी (एमाले),कास्की,2,Direct,0.8473,1,0,0,
लक्ष्मी कुमारी चौधरी,नेपाल कम्युनिष्ट पार्टी(एकीकृत समाजवादी),कैलाली,0,Indirect,लक्ष्मी महतो कोइरी,नेपाल कम्युनिष्ट पार्टी (एमाले),महोत्तरी,1,Direct,0.9135,0.9276,0,0,
गंगा बहादुर तामाङ,नेपाल कम्युनिष्ट पार्टी (माओवादी केन्द्र),काभ्रेपलान्चोक,1,Direct,गंगा प्रसाद यादव,नेपाल कम्युनिष्ट पार्टी (एमाले),सिराहा,0,Indirect,0.9029,0.9337,0,0,
हरिवोल प्रसाद गजुरेल,नेपाल कम्युनिष्ट पार्टी (माओवादी केन्द्र),सिन्धुली,2,Direct,हरि प्रसाद उप्रेती,नेपाल कम्युनिष्ट पार्टी (एमाले),सर्लाही,3,Direct,0.9005,0.9337,0,0,
रामेश्वर राय यादव,नेपाल कम्युनिष्ट पार्टी (माओवादी केन्द्र),सर्लाही,3,Direct,राम शंकर यादव,नेपाल कम्युनिष्ट पार्टी (एमाले),सिराहा,1,Direct,0.8926,0.9337,0,0,
नर बहादुर धामी,नेपाल कम्युनिष्ट पार्टी (एमाले),कन्चनपुर,2,Direct,नारायणी शर्मा,नेपाल कम्युनिष्ट पार्टी (माओवादी केन्द्र),दाङ्ग,0,Indirect,0.8914,0.9337,0,0,
रामकुमारी झाक्री,नेपाल कम्युनिष्ट पार्टी(एकीकृत समाजवादी),काठमाण्डौ,0,Indirect,राज कुमार गुप्ता,नेपाल कम्युनिष्ट पार्टी (एमाले),पर्सा,3,Direct,0.8958,0.9276,0,0,
राजबहादुर बुढाक्षेत्री,नेपाल कम्युनिष्ट पार्टी (एमाले),दैलेख,2,Direct,राजेन्द्र प्रसाद पाण्डे,नेपाल कम्युनिष्ट पार्टी(एकीकृत समाजवादी),धादिङ्ग,1,Direct,0.8905,0.9276,0,0,
अग्निप्रसाद सापकोटा,नेपाल कम्युनिष्ट पार्टी (माओवादी केन्द्र),सिन्धूपाल्चोक,1,None,अम्बर बहादुर रायमाझी,नेपाल कम्युनिष्ट पार्टी (एमाले),उदयपूर,2,Direct,0.8808,0.9337,0,0,
देव प्रसाद गुरुङ,नेपाल कम्युनिष्ट पार्टी (माओवादी केन्द्र),लमजुङ्ग,1,Direct,भीम प्रसाद आचार्य,नेपाल कम्युनिष्ट पार्टी (एमाले),सुनसरी,2,Direct,0.8743,0.9337,0,0,
विरोध खतिवडा,नेपाल कम्युनिष्ट पार्टी(एकीकृत समाजवादी),मकवानपुर,3,Direct,विजुला रायमाझी,नेपाल कम्युनिष्ट पार्टी (एमाले),अर्घाँखाची,0,Indirect,0.869,0.9276,0,0,
चक्रपाणी खनाल,नेपाल कम्युनिष्ट पार्टी (माओवादी केन्द्र),कपिलवस्तु,1,Direct,सम्झना थपलिया,नेपाल कम्युनिष्ट पार्टी (एमाले),सिराहा,0,Indirect,0.8619,0.9337,0,0,
माया देवी न्यौपाने,नेपाल कम्युनिष्ट पार्टी (एमाले),काठमाण्डौ,0,Indirect,माधव सापकोटा,नेपाल कम्युनिष्ट पार्टी (माओवादी केन्द्र),सिन्धूपाल्चोक,1,Direct,0.859,0.9337,0,0,
झलनाथ खनाल,नेपाल कम्युनिष्ट पार्टी(एकीकृत समाजवादी),ईलाम,1,Direct,एक नाथ ढकाल,नेपाल कम्युनिष्ट पार्टी (एमाले),गोरखा,0,Indirect,0.8604,0.9276,0,0,
भवानी प्रसाद खापुङ,नेपाल कम्युनिष्ट पार्टी(एकीकृत समाजवादी),तेह्रथुम,1,Direct,भीम प्रसाद आचार्य,नेपाल कम्युनिष्ट पार्टी (एमाले),सुनसरी,2,Direct,0.8604,0.9276,0,0,
महेश्वर जंग गहतराज (अथक),नेपाल कम्युनिष्ट पार्टी (माओवादी केन्द्र),बांके,1,Direct,महेश कुमार बर्तौला,नेपाल कम्युनिष्ट पार्टी (एमाले),मकवानपुर,2,Direct,0.8511,0.9337,0,0,
गोपाल बहादुर बम,नेपाल कम्युनिष्ट पार्टी(एकीकृत समाजवादी),मुगु,1,Direct,गंगा प्रसाद यादव,नेपाल कम्युनिष्ट पार्टी (एमाले),सिराहा,0,Indirect,0.8564,0.9276,0,0,
गजेन्द्र बहादुर महत,नेपाल कम्युनिष्ट पार्टी (माओवादी केन्द्र),जुम्ला,1,Direct,गंगा प्रसाद यादव,नेपाल कम्युनिष्ट पार्टी (एमाले),सिराहा,0,Indirect,0.8495,0.9337,0,0,
पार्वती कुमारी विशुन्के,नेपाल कम्युनिष्ट पार्टी(एकीकृत समाजवादी),दैलेख,0,Indirect,पृथ्वी सुब्बा गुरुङ,नेपाल कम्युनिष्ट पार्टी (एमाले),लमजुङ्ग,1,Direct,0.8505,0.9276,0,0,
थम माया थापा,नेपाल कम्युनिष्ट पार्टी (एमाले),म्याग्दी,0,Indirect,माधव सापकोटा,नेपाल कम्युनिष्ट पार्टी (माओवादी केन्द्र),सिन्धूपाल्चोक,1,Direct,0.8442,0.9337,0,0,
विन्दा पाण्डे,नेपाल कम्युनिष्ट पार्टी (एमाले),काठमाण्डौ,0,Indirect,विक्रम पाण्डे,राष्ट्रिय प्रजातन्त्र पार्टी,चितवन,3,Direct,0.9499,0.822,0,0,
शान्ता चौधरी,नेपाल कम्युनिष्ट पार्टी (एमाले),दाङ्ग,0,Indirect,लालविर चौधरी,नागरिक उन्मुक्ति पार्टी,बर्दिया,2,Direct,0.894,0.8759,0,0,
कृष्ण बहादुर राई,नेपाल कम्युनिष्ट पार्टी (एमाले),काठमाण्डौ,3,Direct,पुष्प वहादुर शाह,नेपाली काङ्ग्रेस,अछाम,2,Direct,0.9273,0.8362,0,0,
नारद मुनि राना,नेपाल कम्युनिष्ट पार्टी (एमाले),कैलाली,5,Direct,नागिना यादव,नेपाली काङ्ग्रेस,महोत्तरी,0,Indirect,0.8852,0.8362,0,0,
विष्णु शर्मा,नेपाल कम्युनिष्ट पार्टी (एमाले),दाङ्ग,0,Indirect,विक्रम पाण्डे,राष्ट्रिय प्रजातन्त्र पार्टी,चितवन,3,Direct,0.8983,0.822,0,0,
पार्वत गुरुङ,नेपाल कम्युनिष्ट पार्टी (एमाले),दोलखा,1,Direct,प्रतिमा गौतम,नेपाली काङ्ग्रेस,काठमाण्डौ,0,Indirect,0.8794,0.8362,0,0,
लक्ष्मण लाल कर्ण,लोकतान्त्रिक समाजवादी पार्टी नेपाल,पर्सा,4,Direct,लक्ष्मी तिवारी,राष्ट्रिय स्वतन्त्र पार्टी,बांके,0,Indirect,0.9112,0.803,0,0,
नव राज सिलवाल,नेपाल कम्युनिष्ट पार्टी (एमाले),ललितपूर,1,Direct,नागिना यादव,नेपाली काङ्ग्रेस,महोत्तरी,0,Indirect,0.8779,0.8362,0,0,
राजेन्द्र प्रसाद श्रेष्ठ,जनता समाजवादी पार्टी नेपाल,काठमाण्डौ,0,Indirect,राजेन्द्र प्रसाद पाण्डे,नेपाल कम्युनिष्ट पार्टी(एकीकृत समाजवादी),धादिङ्ग,1,Direct,0.9507,0.763,0,0,
हृदयेश त्रिपाठी,नेपाल कम्युनिष्ट पार्टी (एमाले),नवलपरासी,1,Direct,हृदयराम थानी,नेपाली काङ्ग्रेस,सुर्खेत,2,Direct,0.8749,0.8362,0,0,
भरत कुमार शाह,नेपाली काङ्ग्रेस,रुपन्देही,5,Direct,राज कुमार गुप्ता,नेपाल कम्युनिष्ट पार्टी (एमाले),पर्सा,3,Direct,0.8711,0.8362,0,0,
मान बहादुर विश्वकर्मा,नेपाली काङ्ग्रेस,अर्घाँखाची,0,Indirect,महेश कुमार बर्तौला,नेपाल कम्युनिष्ट पार्टी (एमाले),मकवानपुर,2,Direct,0.8706,0.8362,0,0,
झपट बहादुर रावल,नेपाल कम्युनिष्ट पार्टी (एमाले),कैलाली,2,Direct,डिग बहादुर लिम्बु,नेपाली काङ्ग्रेस,मोरङ्ग,1,Direct,0.87,0.8362,0,0,
गणेश कुमार पहाडी,नेपाल कम्युनिष्ट पार्टी (एमाले),सिन्धुली,1,Direct,गणेश पराजुली,राष्ट्रिय स्वतन्त्र पार्टी,काठमाण्डौ,7,Direct,0.8899,0.8155,0,0,
देवेन्द्र राज कंडेल,नेपाली काङ्ग्रेस,नवलपरासी,2,Direct,दामोदर पौंडेल वैरागी,नेपाल कम्युनिष्ट पार्टी (एमाले),कास्की,3,Direct,0.8683,0.8362,0,0,
पोल्देन छोपाङ गुरुङ,नेपाल कम्युनिष्ट पार्टी (एमाले),मनाङ्ग,1,Direct,पुष्प वहादुर शाह,नेपाली काङ्ग्रेस,अछाम,2,Direct,0.8646,0.8362,0,0,
ध्रुवकुमार शाही,नेपाल कम्युनिष्ट पार्टी (एमाले),सुर्खेत,1,Direct,ध्रुव बहादुर प्रधान,राष्ट्रिय प्रजातन्त्र पार्टी,नवलपरासी,2,Direct,0.8773,0.822,0,0,
भिमसेन दास प्रधान,नेपाली काङ्ग्रेस,काठमाण्डौ,6,Direct,भीम प्रसाद आचार्य,नेपाल कम्युनिष्ट पार्टी (एमाले),सुनसरी,2,Direct,0.8604,0.8362,0,0,
गिरिराज मणी पोखरेल,नेपाल कम्युनिष्ट पार्टी (माओवादी केन्द्र),महोत्तरी,1,Direct,गंगाराम चौधरी डगौरा,नागरिक उन्मुक्ति पार्टी,कैलाली,3,Direct,0.8699,0.8255,0,0,
कृष्ण भक्त पोख्रेल,नेपाल कम्युनिष्ट पार्टी (एमाले),चितवन,2,Direct,कान्तिका सेजुवाल,नेपाली काङ्ग्रेस,जुम्ला,0,Indirect,0.8579,0.8362,0,0,
प्रमोद साह,जनता समाजवादी पार्टी नेपाल,सर्लाही,1,Direct,प्रभु साह,आम जनता पार्टी,रौतहट,3,Direct,0.9135,0.7769,0,0,
मोतीलाल दुगड,नेपाल कम्युनिष्ट पार्टी (एमाले),मोरङ्ग,0,Indirect,हृदयराम थानी,नेपाली काङ्ग्रेस,सुर्खेत,2,Direct,0.854,0.8362,0,0,
लाल बाबु पण्डित,नेपाल कम्युनिष्ट पार्टी (एमाले),मोरङ्ग,6,Direct,सपना राज भण्डारी,नेपाली काङ्ग्रेस,काठमाण्डौ,0,Indirect,0.8531,0.8362,0,0,
सुवास चन्द्र नेम्वाङ्ग,नेपाल कम्युनिष्ट पार्टी (एमाले),ईलाम,2,Direct,सर्वेन्द्र नाथ सुक्ला,लोकतान्त्रिक समाजवादी पार्टी नेपाल,रुपन्देही,4,Direct,0.8795,0.8091,0,0,
बृजेश कुमार गुप्त,नेपाल कम्युनिष्ट पार्टी (एमाले),कपिलवस्तु,2,Direct,योगेश गौचन थकाली,नेपाली काङ्ग्रेस,मुस्ताङ्ग,1,Direct,0.8521,0.8362,0,0,
तिर्था गौतम,नेपाल कम्युनिष्ट पार्टी (एमाले),रुकुम पश्चिम,0,Indirect,सोविता गौतम,राष्ट्रिय स्वतन्त्र पार्टी,काठमाण्डौ,2,Direct,0.8722,0.8155,0,0,
नवराज रावत,नेपाल कम्युनिष्ट पार्टी (एमाले),सुर्खेत,2,Direct,निशा डाँगी,राष्ट्रिय स्वतन्त्र पार्टी,झापा,0,Indirect,0.8714,0.8155,0,0,
गणेश सिंह ठगुन्ना,नेपाल कम्युनिष्ट पार्टी (एमाले),दार्चुला,1,Direct,गणेश पराजुली,राष्ट्रिय स्वतन्त्र पार्टी,काठमाण्डौ,7,Direct,0.8696,0.8155,0,0,
चन्द्रकान्त चौधरी,लोकतान्त्रिक समाजवादी पार्टी नेपाल,सप्तरी,3,Direct,चन्दा कार्की (भण्डारी),राष्ट्रिय स्वतन्त्र पार्टी,ललितपूर,0,Indirect,0.8811,0.803,0,0,
गोमा देवकोटा,नेपाल कम्युनिष्ट पार्टी (एमाले),सिन्धुली,0,Indirect,गणेश पराजुली,राष्ट्रिय स्वतन्त्र पार्टी,काठमाण्डौ,7,Direct,0.8674,0.8155,0,0,
सन्त कुमार थारु,नेपाल कम्युनिष्ट पार्टी (माओवादी केन्द्र),बर्दिया,2,Direct,सन्तोष परियार,राष्ट्रिय स्वतन्त्र पार्टी,भक्तपूर,0,Indirect,0.8978,0.7804,0,0,
केदार सिग्देल,नेपाल कम्युनिष्ट पार्टी (एमाले),तनहुं,2,Direct,कान्तिका सेजुवाल,नेपाली काङ्ग्रेस,जुम्ला,0,Indirect,0.8371,0.8362,0,0,
विजय कुमार गच्छदार,नेपाली काङ्ग्रेस,सुनसरी,3,Direct,विनिता कुमारी सिंह,जनमत पार्टी,सिराहा,0,Indirect,0.8884,0.7841,0,0,
तिल बहादुर महत क्षेत्री,नेपाल कम्युनिष्ट पार्टी (एमाले),नवलपरासी (बर्दघाट सुस्ता पूर्व),2,Direct,डा. चन्द्रकान्त भण्डारी,नेपाली काङ्ग्रेस,गुल्मि,1,Direct,0.8304,0.8362,0,0,
एकवाल मियाँ,लोकतान्त्रिक समाजवादी पार्टी नेपाल,बारा,4,Direct,एक नाथ ढकाल,नेपाल कम्युनिष्ट पार्टी (एमाले),गोरखा,0,Indirect,0.8537,0.8091,0,0,
भुपेन्द्र बहादुर थापा,नेपाल कम्युनिष्ट पार्टी (एमाले),म्याग्दी,1,Direct,विरेन्द्र प्रसाद महतो,जनता समाजवादी पार्टी,सिराहा,4,Direct,0.8754,0.7704,0,0,
सुरेन्द्र कुमार यादव,जनता समाजवादी पार्टी नेपाल,महोत्तरी,4,Direct,सुरेन्द्र राज आचार्य,नेपाली काङ्ग्रेस,कपिलवस्तु,2,Direct,0.9408,0.6939,0,0,
धर्माशीला चापागाई,नेपाल कम्युनिष्ट पार्टी (माओवादी केन्द्र),झापा,0,Indirect,ध्रुव बहादुर प्रधान,राष्ट्रिय प्रजातन्त्र पार्टी,नवलपरासी,2,Direct,0.8459,0.7831,0,0,
सुरेन्द्र कुमार कार्की,नेपाल कम्युनिष्ट पार्टी (माओवादी केन्द्र),झापा,1,Direct,सुरेन्द्र राज आचार्य,नेपाली काङ्ग्रेस,कपिलवस्तु,2,Direct,0.9265,0.6888,0,0,
राजेन्द्र महतो,लोकतान्त्रिक समाजवादी पार्टी नेपाल,धनुषा,3,Direct,राजेन्द्र बजगाई,नेपाली काङ्ग्रेस,गोरखा,1,Direct,0.9419,0.6645,0,0,
दुर्ग बहादुर रावत,नेपाल कम्युनिष्ट पार्टी (माओवादी केन्द्र),कालीकोट,1,Direct,पुष्प वहादुर शाह,नेपाली काङ्ग्रेस,अछाम,2,Direct,0.9126,0.6888,0,0,
रामसहाय प्रसाद यादव,जनता समाजवादी पार्टी नेपाल,बारा,2,Direct,रमा कोईराला पौड्याल,नेपाली काङ्ग्रेस,भक्तपूर,0,Indirect,0.8821,0.6939,0,0,
चित्रलेखा यादव,नेपाली काङ्ग्रेस,सिराहा,0,Indirect,चित्र बहादुर के.सी.,राष्ट्रिय जनमोर्चा,बागलुङ्ग,1,Direct,0.8836,0.6898,0,0,
पूर्ण कुमारी सुवेदी,नेपाल कम्युनिष्ट पार्टी (माओवादी केन्द्र),बांके,0,Indirect,पूर्ण वहादुर खड्का,नेपाली काङ्ग्रेस,सुर्खेत,1,Direct,0.8789,0.6888,0,0,
रामवावु कुमार यादव,जनता समाजवादी पार्टी नेपाल,बारा,3,Direct,रमा कोईराला पौड्याल,नेपाली काङ्ग्रेस,भक्तपूर,0,Indirect,0.8738,0.6939,0,0,
रानी मण्डल,जनता समाजवादी पार्टी नेपाल,सप्तरी,0,Indirect,राजु थापा,नेपाली काङ्ग्रेस,स्याङ्जा,1,Direct,0.8729,0.6939,0,0,
सुरेश कुमार राई,नेपाल कम्युनिष्ट पार्टी (माओवादी केन्द्र),उदयपूर,2,Direct,सिता कुमारी राना ,नेपाली काङ्ग्रेस,दैलेख,0,Indirect,0.8749,0.6888,0,0,
मोहम्मद ईश्तियाक राई,जनता समाजवादी पार्टी नेपाल,बांके,2,Direct,मुक्ता कुमारी यादव,नेपाली काङ्ग्रेस,धनुषा,0,Indirect,0.8698,0.6939,0,0,
प्रकाश रसाईली (स्नेही),नेपाली काङ्ग्रेस,बझाङ्ग,0,Indirect,प्रकाश ज्वाला,नेपाल कम्युनिष्ट पार्टी(एकीकृत समाजवादी),सल्यान,1,Direct,0.8716,0.69,0,0,
दुर्गा पौडेल,राष्ट्रिय जनमोर्चा,प्युठान,1,Direct,दुर्गा राई,नेपाल कम्युनिष्ट पार्टी (माओवादी केन्द्र),भोजपूर,0,Indirect,0.9176,0.641,0,0,
लालकाजी गुरूङ्ग,नेपाली काङ्ग्रेस,पर्बत,0,Indirect,लालविर चौधरी,नागरिक उन्मुक्ति पार्टी,बर्दिया,2,Direct,0.8664,0.6877,0,0,
शिव कुमार मंडल (केवट),नेपाल कम्युनिष्ट पार्टी (माओवादी केन्द्र),मोरङ्ग,5,Direct,श्याम कुमार घिमिरे,नेपाली काङ्ग्रेस,सिन्धुली,1,Direct,0.8651,0.6888,0,0,
रेनुका गुरुङ्ग,जनता समाजवादी पार्टी नेपाल,काठमाण्डौ,0,Indirect,धनराज गुरुङ्ग,नेपाली काङ्ग्रेस,स्याङ्जा,2,Direct,0.8599,0.6939,0,0,
यशोदा गुरुङ सुवेदी,नेपाल कम्युनिष्ट पार्टी (माओवादी केन्द्र),मनाङ्ग,0,Indirect,योगेश गौचन थकाली,नेपाली काङ्ग्रेस,मुस्ताङ्ग,1,Direct,0.8621,0.6888,0,0,
बीना मगर,नेपाल कम्युनिष्ट पार्टी (माओवादी केन्द्र),कन्चनपुर,1,Direct,दीपक गिरी,नेपाली काङ्ग्रेस,दाङ्ग,3,Direct,0.862,0.6888,0,0,
पार्बता डी.सी. (चौधरी),नेपाली काङ्ग्रेस,दाङ्ग,0,Indirect,पुर्णबहादुर घर्ति,नेपाल कम्युनिष्ट पार्टी (माओवादी केन्द्र),रुकुम पूर्व,1,Direct,0.8575,0.6888,0,0,
पुष्पा कुमारी कर्ण कायस्त,नेपाल कम्युनिष्ट पार्टी(एकीकृत समाजवादी),पर्सा,0,Indirect,पूर्ण बहादुर तामाङ्ग,नेपाली काङ्ग्रेस,रामेछाप,1,Direct,0.8558,0.69,0,0,
कमला रोका,नेपाल कम्युनिष्ट पार्टी (माओवादी केन्द्र),रुकुम पूर्व,1,Direct,किशोर सिंह राठोर,नेपाली काङ्ग्रेस,बांके,3,Direct,0.8444,0.6888,0,0,
बिमल प्रसाद श्रीवास्तव,लोकतान्त्रिक समाजवादी पार्टी नेपाल,पर्सा,2,Direct,बद्री प्रसाद पाण्डे,नेपाली काङ्ग्रेस,बाजुरा,1,Direct,0.8651,0.6645,0,0,
दुलारी देवी खत्वेनी,लोकतान्त्रिक समाजवादी पार्टी नेपाल,सप्तरी,0,Indirect,दुर्लभ थापा क्षेत्री,नेपाली काङ्ग्रेस,भक्तपूर,2,Direct,0.8594,0.6645,0,0,
सत्य नारायण शर्मा खनाल,नेपाली काङ्ग्रेस,नवलपरासी (बर्दघाट सुस्ता पूर्व),0,Indirect,सर्वेन्द्र नाथ सुक्ला,लोकतान्त्रिक समाजवादी पार्टी नेपाल,रुपन्देही,4,Direct,0.8571,0.6645,0,0,
चाँद तारा कुमारी,नेपाल कम्युनिष्ट पार्टी (माओवादी केन्द्र),पर्सा,0,Indirect,चित्र बहादुर के.सी.,राष्ट्रिय जनमोर्चा,बागलुङ्ग,1,Direct,0.8805,0.641,0,0,
शशांक कोइरला,नेपाली काङ्ग्रेस,नवलपरासी,1,Direct,शिशिर खनाल,राष्ट्रिय स्वतन्त्र पार्टी,काठमाण्डौ,6,Direct,0.8626,0.6453,0,0,
उमाशंकर अरगरिया,लोकतान्त्रिक समाजवादी पार्टी नेपाल,धनुषा,2,Direct,उदय शंशेर ज.व.राणा,नेपाली काङ्ग्रेस,ललितपूर,1,Direct,0.8413,0.6645,0,0,
रगंमती शाही,नेपाली काङ्ग्रेस,हुम्ला,0,Indirect,रवि लामिछाने,राष्ट्रिय स्वतन्त्र पार्टी,चितवन,2,Direct,0.8543,0.6453,0,0,
